"Title","Link","Published Date","Description"
"FPÖ-Finanzaffäre wird zum Mühlstein im Superwahljahr","https://www.derstandard.at/story/3000000202616/fp214-finanzaff228re-als-m252hlstein-im-wahlkampf?ref=rss","Wed Jan 10 18:54:56 CET 2024","Die Ermittlungen wegen dubioser Geldflüsse von und auf FPÖ-Konten in Graz ziehen sich seit 2021. Doch politisch erhöht sich im Superwahljahr der Druck auch auf Landesparteichef Kunasek"
"Kickl: Rechtslage für Entzug von Staatsbürgerschaft möglich","https://www.derstandard.at/story/3000000202619/kogler-warnt-vor-blauer-fuehrer-partei?ref=rss","Wed Jan 10 19:46:35 CET 2024","Der FPÖ-Chef sprach sich erneut für ein Asylstopp aus. Indes warnte Vizekanzler Kogler vor der ""blauen Führerpartei"""
"Die Lehnitzsee-Konferenz","https://www.derstandard.at/story/3000000202605/die-lehnitzsee-konferenz?ref=rss","Wed Jan 10 17:51:44 CET 2024","Der frühere Identitären-Chef Martin Sellner entwickelt in Deutschland vor Rechtsextremen eine Deportationsfantasie"
"Südafrika gegen Israel: Fortsetzung einer alten Fehde vor Gericht","https://www.derstandard.at/story/3000000202558/suedafrika-gegen-israel-fortsetzung-einer-alten-fehde-vor-gericht?ref=rss","Wed Jan 10 18:55:24 CET 2024","Israel muss sich vor dem Internationalen Gerichtshof gegen den Vorwurf des Völkermords verteidigen. Mit Kläger Südafrika verbindet das Land eine Geschichte der Spannungen. Ein Bericht aus Kapstadt"
"Ist der Alko-Test bei Verkehrskontrollen Standard?","https://www.derstandard.at/story/3000000202489/ist-der-alko-test-bei-verkehrskontrollen-standard?ref=rss","Wed Jan 10 17:20:41 CET 2024","Wacker halten sich einige Mythen über Alkohol am Steuer. Wie sich die Promillegrenze in Österreich entwickelt hat, wie hoch sie in anderen Ländern ist und wann in den Alkomat geblasen werden muss"
"Uralte DNA enthüllt, wie Multiple Sklerose und Alzheimer nach Europa kamen","https://www.derstandard.at/story/3000000202486/uralte-dna-enthuellt-wie-multiple-sklerose-und-alzheimer-nach-europa-kamen?ref=rss","Wed Jan 10 17:57:17 CET 2024","Bahnbrechende Analysen eines Genpools prähistorischer Menschen zeigen, wie unsere Vorfahren uns prägten – und welche Krankheitsbilder sie mitbrachten"
"Warum immer noch 6,8 Milliarden Schilling im Umlauf sind","https://www.derstandard.at/story/3000000202302/warum-immer-noch-68-milliarden-schilling-im-umlauf-sind?ref=rss","Wed Jan 10 17:00:00 CET 2024","Im Jahr 2023 tauschten Bürgerinnen und Bürger rund 19 Millionen Schilling um, ein Niederösterreicher allein 450.000 Schilling"
"Volksschullehrerin wegen Tätigkeit als ""Orgasmus-Päpstin"" entlassen","https://www.derstandard.at/story/3000000202574/volksschullehrerin-in-o214-als-orgasmus-p228pstin-t228tig-entlassung?ref=rss","Wed Jan 10 16:01:22 CET 2024","Für die Bildungsdirektion war der Auftritt der Pädagogin im Internet nicht mit ihrem Beruf vereinbar. Die entlassene Lehrerin kündigte gerichtliche Schritte an"
"EU-Staaten wollen auch ohne Ungarn über Ukraine-Hilfen verhandeln","https://www.derstandard.at/jetzt/livebericht/3000000202446/nordkorea-belieferte-laut-us-regierung-russland-kim-jong-un-will-raketenwerfer-produktion-ausweiten?ref=rss","Wed Jan 10 06:01:24 CET 2024","Die Nato-Staaten versprechen Kiew weitere Hilfe. Selenskyj ist überraschend zu Gesprächen nach Litauen gereist"
"Katar schlägt angeblich Exil für Hamas-Führer vor","https://www.derstandard.at/jetzt/livebericht/3000000202445/israel-stimmt-laut-blinken-plan-fuer-un-mission-in-gaza-zu?ref=rss","Wed Jan 10 06:01:27 CET 2024","Im Gegenzug sollen die Geiseln freikommen. USA melden vereitelten Huthi-Angriff im Roten Meer. Annalena Baerbock besucht den Libanon. Israel stimmt laut Blinken Plan für UN-Mission in Gaza zu"
"Robert Kratky: ""Seelisch war dann irgendwann Ende Gelände""","https://www.derstandard.at/story/3000000202372/robert-kratky-seelisch-war-dann-irgendwann-ende-gelaende?ref=rss","Wed Jan 10 09:00:00 CET 2024","In ""Kratky sucht das Glück"" redet Ö3-Moderator Robert Kratky mit Prominenten über psychische Probleme. Er weiß, wovon er spricht – ab Mittwoch auch im Fernsehen"
"AfD bei rechtem Geheimtreffen zu Plan für Abschiebung von Millionen Menschen","https://www.derstandard.at/story/3000000202490/afd-bei-rechtem-geheimtreffen-zu-einem-plan-zur-abschiebung-von-millionen-menschen?ref=rss","Wed Jan 10 11:21:46 CET 2024","Auch der Österreicher Martin Sellner war dabei und präsentierte ein Konzept zur Vertreibung auch deutscher Staatsbürger"
"US-Präsidentensohn sorgt mit Überraschungsauftritt für Empörung","https://www.derstandard.at/story/3000000202621/us-praesidentensohn-sorgt-mit-ueberraschungsauftritt-fuer-empoerung?ref=rss","Wed Jan 10 20:21:28 CET 2024","Hunter Biden platzte in eine Ausschusssitzung des Kontrollausschusses im Repräsentantenhaus. Republikanische Abgeordnete beschimpften ihn als feige"
"Nationalkonservative PiS will gegen Polens Regierung protestieren","https://www.derstandard.at/story/3000000202624/nationalkonservative-pis-will-gegen-polens-regierung-protestieren?ref=rss","Wed Jan 10 21:47:17 CET 2024","Zur Demonstration werden bis zu 40.000 Menschen erwartet. Laut Medienberichten hat die PiS Bustouren von ländlichen Gebieten nach Warschau organisiert"
"Wegen ""Tagespresse""-Wirtshausbriefs beschwerten sich 20 Wirte bei FPÖ","https://www.derstandard.at/story/3000000202367/wegen-tagespresse-wirtshausbrief-beschwerten-sich-20-wirte-bei-fpoe?ref=rss","Wed Jan 10 14:02:57 CET 2024","""Telefon heißgelaufen"", erklärt FP-Landesgeschäftsführer im Verfahren gegen Satireportal und spricht von ""Silberstein-Methoden"""
"Emily Pellegrini: Das Model, das es eigentlich gar nicht gibt","https://www.derstandard.at/story/3000000202359/emily-pellegrini-das-model-das-es-eigentlich-gar-nicht-gibt?ref=rss","Wed Jan 10 12:57:11 CET 2024","200.000 Follower auf Instagram und ein gut laufendes Business auf dem Onlyfans-Konkurrenten Fanvue. Einziger Haken am Erfolg: Pellegrini wurde von einer KI erstellt"
"Die deutschen Lokführer sollten die Notbremse ziehen","https://www.derstandard.at/story/3000000202609/die-deutschen-lokfuehrer-sollten-die-notbremse-ziehen?ref=rss","Wed Jan 10 17:52:26 CET 2024","Der neuerliche Bahnstreik wird auf dem Rücken der Fahrgäste ausgetragen. Beide Seiten tragen zur giftigen Atmosphäre bei, aber am meisten Gewerkschaftschef Weselsky"
"Die Zukunft des Islam in Europa","https://www.derstandard.at/story/3000000202417/die-zukunft-des-islam-in-europa?ref=rss","Wed Jan 10 06:00:00 CET 2024","Kann die Generation der hier aufgewachsenen Muslime einen Islam europäischer Prägung etablieren? Trotz aller Bemühungen muss sich die IGGÖ vermehrt den Herausforderungen stellen – Stichwort Imame und Einflüsse aus dem Ausland"
"Christdemokraten gesucht","https://www.derstandard.at/story/3000000202593/christdemokraten-gesucht?ref=rss","Wed Jan 10 17:20:44 CET 2024","Nicht wenige Menschen sehnen sich nach Konservativen alter Schule"
"Lehrerausbildung soll für alle fünf Jahre dauern, Bachelor nur noch drei","https://www.derstandard.at/story/3000000202512/lehrerausbildung-soll-fuer-alle-fuenf-jahre-dauern-bachelor-nur-noch-drei?ref=rss","Wed Jan 10 14:37:50 CET 2024","ÖVP und Grüne wollen Bachelor für Primar- und Sekundarstufe von acht auf sechs Semester verkürzen, mehr Praxis im Studium und Schutzfunktionen für junge Lehrkräfte"
"Möbelhändler Interio nach langer Krise insolvent","https://www.derstandard.at/story/3000000202473/-m246belhaus-interio-ist-insolvent-78-mitarbeiter-betroffen?ref=rss","Wed Jan 10 09:29:59 CET 2024","Janet Kath wollte die Handelskette einst zum H&amp;M des Möbelhandels machen. Nun ist Interio insolvent. Der Markt für Wohnaccessoires steht massiv unter Druck"
"Verleumdungsprozess um ""Minischubser"" des Polizisten","https://www.derstandard.at/story/3000000202522/verleumdungsprozess-um-minischubser-des-polizisten?ref=rss","Wed Jan 10 18:22:37 CET 2024","Ein unbescholtener 57-Jähriger soll unter anderem zu Unrecht behauptet haben, ein Exekutivbeamter habe ihn misshandelt. Der Inspektor kennt solche Vorwürfe schon"
"Minusgrade in Wien: Arbeiten an der Kältefront","https://www.derstandard.at/story/3000000202570/minusgrade-in-wien-arbeiten-an-der-kaeltefront?ref=rss","Wed Jan 10 16:21:45 CET 2024","Es ist und bleibt kalt. Damit alle gut durch den Frost kommen – und vielleicht sogar seine schönen Seiten erleben können –, haben manche alle Hände voll zu tun"
"Handelsexperte sieht keine rosige Zukunft für René Benkos Signa","https://www.derstandard.at/story/3000000202589/experte-keine-rosige-zukunft-f252r-signa?ref=rss","Wed Jan 10 18:22:39 CET 2024","Gerrit Heinemann zweifelt daran, dass Transparenz in das Firmengeflecht zu bringen ist. Auch bei der deutschen Warenhauskette Galeria gebe es wenig Spielraum"
"Erster Prozesstag 2024: Die Angst des Sebastian Kurz vor der Strafverfolgung","https://www.derstandard.at/story/3000000202504/erster-prozesstag-2024-die-angst-des-sebastian-kurz-vor-der-strafverfolgung?ref=rss","Wed Jan 10 12:19:23 CET 2024","Am Mittwoch wurde Öbag-Aufsichtsrätin Iris Ortner im Kurz-Verfahren einvernommen, beizutragen hatte sie wenig. Dann sprach der Ex-Kanzler."
"Paukenschlag in der Formel 1: Günther Steiner nicht mehr Haas-Teamchef","https://www.derstandard.at/story/3000000202618/paukenschlag-in-der-formel-1-guenther-steiner-nicht-mehr-haas-teamchef?ref=rss","Wed Jan 10 19:07:36 CET 2024","Der Südtiroler genießt teils Kultstatus. In der vergangenen Saison enttäuschte der Rennstall aber sportlich. Der Japaner Ayao Komatsu übernimmt den Posten"
"Die kleine Inselgruppe der Salomonen wird zum Zentrum des kalten Krieges USA gegen China","https://www.derstandard.at/story/3000000202380/die-salomonen-geraten-immer-mehr-unter-den-einfluss-pekings?ref=rss","Wed Jan 10 14:03:18 CET 2024","China dehnt seine Machtposition im Pazifik aus. Die Folgen der Verschiebung im Kräfteverhältnis der Region zeigen sich besonders auf den Salomoninseln. Eine Reportage aus Honiara"
"Warum der Austria-Nachwuchs brilliert – und was Saudi-Arabien damit zu tun hat","https://www.derstandard.at/story/3000000202393/warum-der-austria-nachwuchs-brilliert-und-was-saudi-arabien-damit-zu-tun-hat?ref=rss","Wed Jan 10 15:00:00 CET 2024","Das topbesetzte Hallenturnier in Göttingen kennt seit Jahren quasi nur einen Sieger: Austria Wien. Und auch auf dem Feld schlagen sich die violetten Youngsters international beachtlich"
"Armin Wolf: ""Wir müssen uns Kritik stellen, dürfen nicht belehren""","https://www.derstandard.at/story/3000000202575/armin-wolf-wir-muessen-uns-kritik-stellen-duerfen-nicht-belehren?ref=rss","Wed Jan 10 17:26:57 CET 2024","ORF-Anchor erklärt bei Augstein-Vorlesung in Hamburg, was öffentlich-rechtliche Medien ""besser machen könnten"""
"US-Behörde SEC genehmigt erste börsengehandelte Bitcoin-Fonds","https://www.derstandard.at/story/3000000202625/us-behoerde-sec-genehmigt-erste-boersengehandelte-bitcoin-fonds?ref=rss","Wed Jan 10 23:46:10 CET 2024","Die Behörde gab grünes Licht für Anträge unter anderem von BlackRock, Ark Investments und 21Shares, Fidelity, Invesco und VanEck"
"Der US-Verteidigungsminister bleibt auf ungeplanter Tauchstation","https://www.derstandard.at/story/3000000202577/ein-us-kommandeur-auf-tauchstation?ref=rss","Wed Jan 10 17:51:49 CET 2024","US-Verteidigungsminister Lloyd Austin hat Prostatakrebs. Die medizinischen Heilungschancen scheinen gut – die politischen weniger. Ein Bericht aus Washington"
"Auf welche Kunstausstellungen wir uns 2024 freuen","https://www.derstandard.at/story/3000000202416/auf-welche-kunstausstellungen-wir-uns-2024-freuen?ref=rss","Wed Jan 10 17:00:00 CET 2024","Diversity, Secessionen, ältere und jüngere Meister: Diese Highlights in den heimischen Kunstmuseen sollten Sie heuer nicht verpassen"
"Mann in Tirol von zwei Hunden attackiert","https://www.derstandard.at/story/3000000202615/mann-in-tirol-von-zwei-hunden-attackiert?ref=rss","Wed Jan 10 18:33:36 CET 2024","Der 31-Jährige erlitt mehrere Verletzungen am rechten Unterarm, der Handfläche, dem Gesäß sowie am linken Bein. Auch der Hundebesitzer wurde verletzt"
"Zwei Männer in Frankreich wegen Bettwanzen-Betrug verurteilt","https://www.derstandard.at/story/3000000202623/bettwanzen-betrug-zwei-m228nner-in-frankreich-verurteilt?ref=rss","Wed Jan 10 21:29:21 CET 2024","Die Männer hatten Opfern einen Befall der eigenen Wohnung vorgetäuscht und ihnen dann überteuerte Pseudo-Gegenmittel verkauft. Dabei ergaunerten sie 13.200 Euro"
"Neue App ""Mind-Ear"" soll leistbare und schnelle Tinnitusbekämpfung ermöglichen","https://www.derstandard.at/story/3000000202516/neue-app-mind-ear-soll-leistbare-und-schnelle-tinnitusbekaempfung-ermoeglichen?ref=rss","Wed Jan 10 18:54:54 CET 2024","Kognitive Verhaltenstherapie via Chatbot, kombiniert mit einer Klangtherapie, soll das Gehirn lehren, mit dem Pfeifen im Ohr besser umzugehen"
"Mann nach Gondelabsturz in Tirol weiter in kritischem Zustand","https://www.derstandard.at/story/3000000202493/vater-nach-gondelabsturz-in-tirol-weiter-in-kritischem-zustand?ref=rss","Wed Jan 10 10:17:05 CET 2024","Der Mann wird nach einer Operation auf der Intensivstation versorgt. Insgesamt gibt es vier Schwerverletzte nach dem Unglück in Hochoetz"
"Oida, Magenta, mein Modem is net deppert","https://www.derstandard.at/story/3000000202447/oida-magenta-mein-modem-is-net-deppert?ref=rss","Wed Jan 10 09:00:00 CET 2024","Die künstliche Beschränkung der Modem-Einstellungen ist auch mehr als ein Jahr nach den ersten Beschwerden ein Problem"
"Kurz-Prozess: Iris Ortner schilderte Postenbesetzungen in der Öbag","https://www.derstandard.at/story/3000000202527/kurz-prozess-iris-ortner-schilderte-postenbesetzungen-in-der-oebag?ref=rss","Wed Jan 10 13:05:42 CET 2024","Der Prozess gegen Ex-Kanzler Sebastian Kurz (ÖVP) und seinen ehemaligen Kabinettschef Bernhard Bonelli wegen Falschaussage im Ibiza-U-Ausschuss ist am Mittwoch mit der Befragung von Iris Ortner fortgesetzt worden. Die Öbag-Aufsichtsrätin ist die Tochter des Industriellen Klaus Ortner, eines Großspenders der ÖVP. Einen Zusammenhang zwischen den Spenden und ihrer Bestellung sah sie nicht. ""Niemand hat mir gesagt, der Herr Schmid muss Vorstand werden"", betonte Ortner"
"Taiwan: Peking will Wiedervereinigung notfalls mit Gewalt","https://www.derstandard.at/story/3000000202587/taiwan-peking-will-wiedervereinigung-notfalls-mit-gewalt?ref=rss","Wed Jan 10 16:29:57 CET 2024","Die Präsidentschaft- und Parlamentswahlen in Taiwan am Samstag gelten als entscheidend für das künftige Verhältnis zwischen Taipeh und dem zunehmend aggressiv auftretenden Peking und werden daher international mit Spannung erwartet. Peking betrachtet Taiwan als abtrünnige Provinz, die wieder mit dem Festland vereinigt werden soll – notfalls mit militärischer Gewalt"
"Kreml-Kritiker Nawalny meldet sich aus Einzelhaft","https://www.derstandard.at/story/3000000202563/kreml-kritiker-nawalny-meldet-sich-aus-einzelhaft?ref=rss","Wed Jan 10 14:50:48 CET 2024","Der inhaftierte russische Oppositionspolitiker Alexej Nawalny ist nach eigenen Angaben erneut in Einzelhaft verlegt worden. Bei einer Videokonferenz mit einer russischen Nachrichtenagentur verriet der Kreml-Kritiker, dass er nichts zu tun habe"
"Bahnstreik und Bauernprotest: Harte Geduldsprobe für Pendler in Deutschland","https://www.derstandard.at/story/3000000202529/bahnstreik-und-bauernprotest-harte-geduldsprobe-fuer-pendler-in-deutschland?ref=rss","Wed Jan 10 13:33:17 CET 2024","Wer in Deutschland dieser Tage von A nach B reisen will, braucht starke Nerven. Die Lokführergewerkschaft GDL bestreikt den Zugverkehr, und Bauern blockieren Straßen. Am Berliner Hauptbahnhof reagieren Reisende teils mit Verständnis, andere sind genervt"
"Parteien sollen Forderungen, aber keine Bedingungen stellen","https://www.derstandard.at/story/3000000202551/parteien-sollen-forderungen-aber-keine-bedingungen-stellen?ref=rss","Wed Jan 10 14:59:49 CET 2024","Wer keine FP-Alleinregierung haben will, muss auf ultimative Festlegungen vor der nächsten Wahl verzichten"
"Die Reform der Volksbegehren benötigt Maß und Ziel","https://www.derstandard.at/story/3000000202562/anpassung-mit-ma223-und-ziel?ref=rss","Wed Jan 10 16:22:07 CET 2024","Der derzeitige Kostenersatz für die Initiatoren ist zu hoch, aber Volksbegehren sollen aus demokratiepolitischen Gründen attraktiv bleiben"
"Altkanzler Gusenbauer bringt SPÖ-Chef Babler in die Zwickmühle","https://www.derstandard.at/story/3000000202430/bablers-gusenbauer-b252rde?ref=rss","Tue Jan 09 17:50:27 CET 2024","Alfred Gusenbauers Verwicklung in die Signa-Pleite schadet der SPÖ, doch ein Rauswurf wäre heikel. Die beste Lösung wäre ein freiwilliger Austritt"
"Turbulentes Jahr 2024: Die wichtigen Fragen der Weltwirtschaft","https://www.derstandard.at/story/3000000202361/turbulentes-jahr-2024-die-wichtigen-fragen-der-weltwirtschaft?ref=rss","Wed Jan 10 09:00:00 CET 2024","Ein Blick auf die Herausforderungen in China, Japan, den USA und den Schwellenmärkten"
"Die Aufklärung über Rechtsextremismus hört nie auf","https://www.derstandard.at/story/3000000202413/aufkl228rung-252ber-rechtsextremismus-h246rt-nie-auf?ref=rss","Wed Jan 10 06:00:00 CET 2024","Das Dokumentationsarchiv des österreichischen Widerstandes wird 60 Jahre alt"
"Politische Spielchen um die verkehrsberuhigte City","https://www.derstandard.at/story/3000000202424/politische-spielchen-um-die-verkehrsberuhigte-city?ref=rss","Wed Jan 10 06:00:00 CET 2024","Die Regierung hält die Wiener bei der geplanten Videoüberwachung hin, und die Stadtregierung lässt die Wartezeit ungenutzt verstreichen"
"Die politischen Kosten des Klimaschutzes nicht unterschätzen","https://www.derstandard.at/story/3000000202422/die-politischen-kosten-des-klimaschutzes-nicht-unterschaetzen?ref=rss","Tue Jan 09 17:50:01 CET 2024","Was wissenschaftlich und ökonomisch sinnvoll ist, löst in Teilen der Gesellschaft Empörung aus, wie etwa bei deutschen Bauern. Die Klimapolitik muss da klüger vorgehen"
"Die eiligen ei Könige","https://www.derstandard.at/story/2000131912423/rudi-klein-der-lochgott?ref=rss","Tue Dec 14 18:00:05 CET 2021","Cartoons von Rudi Klein"
"SPÖ-Sisyphos","https://www.derstandard.at/story/3000000201628/prognose-superwahljahr-2024?ref=rss","Tue Jan 02 17:55:24 CET 2024","Die Galerie des Monats Jänner"
"Quiz: Wie fit ist Ihr Allgemeinwissen?","https://www.derstandard.at/story/3000000202184/quiz-wie-fit-ist-ihr-allgemeinwissen?ref=rss","Wed Jan 10 08:00:00 CET 2024","Zehn Fragen in Gedenken an einen der besten Quiz-Spieler Österreichs und der Schweiz"
"Bergfinken auf Winterurlaub","https://www.derstandard.at/story/3000000202119/bergfinken-auf-winterurlaub?ref=rss","Wed Jan 10 09:00:00 CET 2024","Die Gäste aus dem hohen Norden sind auf der Suche nach Bucheckern"
"Unser Entwicklungsprozess bei DER STANDARD","https://www.derstandard.at/story/3000000202436/unser-entwicklungsprozess-beim-standard?ref=rss","Wed Jan 10 12:53:22 CET 2024","Issues, GIT, Feature Branches, Code Reviews, CI/CD-Pipelines und Testumgebungen"
"Wie ging es für Sie nach Ihrem Arbeitsunfall weiter?","https://www.derstandard.at/story/3000000202230/wie-ging-es-fuer-sie-nach-ihrem-arbeitsunfall-weiter?ref=rss","Tue Jan 09 10:00:00 CET 2024","Knochenbrüche, Rückenverletzungen oder sogar Lähmungen: In manchen Jobs kann viel geschehen. Wie gut haben Sie sich von Firma und Staat unterstützt gefühlt?"
"Apple Vision Pro und Co: Werden Brillen in Zukunft überflüssig?","https://www.derstandard.at/story/3000000193406/apple-vision-pro-und-co-werden-brillen-in-zukunft-ueberfluessig?ref=rss","Tue Jan 09 15:25:46 CET 2024","Über den Versuch, digitale und physische Welten erstmals nahtlos verschwimmen zu lassen"
"Gute Vorsätze: Wie auf Portugiesisch eine kleine Portion bestellt wird","https://www.derstandard.at/story/3000000201851/gute-vorsaetze-wie-auf-portugiesisch-eine-kleine-portion-bestellt-wird?ref=rss","Tue Jan 09 11:00:00 CET 2024","Und: witzige sprachliche Entgleisungen durch den Einfluss des Englischen auf das Deutsche"
"Wie die Landnutzung helfen kann, das Klima zu schützen","https://www.derstandard.at/story/3000000200378/wie-die-landnutzung-helfen-kann-das-klima-zu-schuetzen?ref=rss","Wed Jan 10 10:00:00 CET 2024","Auch ein anderer Umgang mit Wald und Nutztieren ist gefragt, um die Erwärmung des Planeten zu verhindern"
"Winzige Magnete im Kampf gegen Krebs","https://www.derstandard.at/story/3000000201844/winzige-magnete-im-kampf-gegen-krebs?ref=rss","Tue Jan 09 09:00:00 CET 2024","Die Physikerin Sofia Kantorovich forscht an Nanomagneten, die Medikamente direkt zum Tumor liefern"
"Lily Gladstone im Fotoporträt","https://www.derstandard.at/story/3000000202281/lily-gladstone-im-fotoportraet?ref=rss","Tue Jan 09 10:55:39 CET 2024","Die Golden-Globe-Gewinnerin war vor einigen Jahren bei der Viennale zu Gast"
"Gustl Starek über Ex-Teamkollege Beckenbauer: ""Der Franz war für Blödsinn zu haben""","https://www.derstandard.at/story/3000000202366/gustl-starek-ueber-ex-teamkollege-beckenbauer-der-franz-war-fuer-bloedsinn-zu-haben?ref=rss","Tue Jan 09 14:19:47 CET 2024","Der Wiener sagt: ""Er hatte Automatismen, die man gar nicht lernen konnte."" Zudem habe der Kaiser das Leben sehr leicht genommen – von einer großen Delle abgesehen"
"Noch bleibt Kuwait in der Hand der alten Generation","https://www.derstandard.at/story/3000000200052/noch-bleibt-kuwait-in-der-hand-der-alten-generation?ref=rss","Sun Dec 17 16:36:33 CET 2023","Drei Jahre nach Amtsantritt starb am Samstag in Kuwait Emir Nawaf al-Sabah (86), ihm folgt der 83-jährige Mishal nach. Die letzten vier Herrscher des reichen Ölstaats seit 1977 waren Halbbrüder. Aber wer wird der neue Kronprinz?"
"Für Irans Regime ist Israel auch nach IS-Bekennerschreiben schuld","https://www.derstandard.at/story/3000000202257/f252r-irans-regime-ist-israel-auch-nach-is-bekennerschreiben-schuld?ref=rss","Mon Jan 08 18:47:36 CET 2024","Hisbollah-Kommandant bei israelischem Angriff im Südlibanon getötet – Iraks Hardliner wollen Ende der US-Militärpräsenz"
"Ärzte ohne Grenzen verurteilt Angriff auf NGO-Unterkunft in Khan Younis","https://www.derstandard.at/story/3000000202552/aerzte-ohne-grenzen-verurteilen-angriff-auf-ngo-unterkunft-in-khan-younis?ref=rss","Wed Jan 10 17:20:42 CET 2024","Ein fünfjähriges Mädchen ist am Dienstag nach einem Granateneinschlag in einer MSF-Unterkunft getötet worden"
"Warum Israel wegen Völkermord-Vorwurfs vor den Internationalen Gerichtshof muss","https://www.derstandard.at/story/3000000202475/warum-israel-wegen-voelkermord-vorwurfs-vor-den-internationalen-gerichtshof-muss?ref=rss","Wed Jan 10 14:21:56 CET 2024","Der Internationale Gerichtshof wird diese Woche Südafrika anhören, das Israel des Völkermords im Gaza-Krieg beschuldigt und eine Aussetzung der Militäraktion fordert"
"Drogenbanden stürzen Ecuador ins Chaos – und was Europa damit zu tun hat","https://www.derstandard.at/story/3000000202472/drogenbanden-stuerzen-ecuador-ins-chaos-und-was-europa-damit-zu-tun-hat?ref=rss","Wed Jan 10 10:26:04 CET 2024","Präsident Noboa verhängt nach Geiseldrama den Kriegszustand über das lateinamerikanische Land und setzt nun auch Militär für die Bewachung der Gefängnisse ein"
"Rechte Kräfte lösten wohl Blockade gegen Habeck aus","https://www.derstandard.at/story/3000000202514/rechte-kraefte-loesten-offenbar-blockade-gegen-habeck-aus?ref=rss","Wed Jan 10 15:39:12 CET 2024","Laut ""Zeit"" haben eine AfD-Kandidatin und ein Unternehmer mit Verbindungen zur rechtsradikalen Landvolkbewegung die Proteste gegen den deutschen Vizekanzler initiiert"
"José Adolfo Macías Villamar, genannt ""Fito"": Drogenboss sorgt in Ecuador für Aufruhr","https://www.derstandard.at/story/3000000202571/jose-adolfo-macias-villamar-genannt-fito-drogenboss-sorgt-in-ecuador-fuer-aufruhr?ref=rss","Wed Jan 10 16:00:48 CET 2024","Bereits zum zweiten Mal konnte der Chef der berüchtigten Choneros-Bande aus einem Hochsicherheitsgefängnis entkommen. Natürlich nicht ohne Hilfe von außen"
"Deutscher Bauernpräsident droht mit längeren Protesten der Landwirte","https://www.derstandard.at/story/3000000202461/polizeigewerkschaft-einsatzkr228fte-bei-bauernprotesten-an-belastungsgrenze?ref=rss","Wed Jan 10 07:08:13 CET 2024","An den Aktionen nehmen viel mehr Menschen teil, als die Behörden angenommen hatten. Der Wirtschaftsminister warnt vor ""Zuständen wie in den USA"""
"Deutschland genehmigt Waffenlieferungen an Saudi-Arabien","https://www.derstandard.at/story/3000000202548/deutschland-genehmigt-waffenlieferungen-an-saudi-arabien?ref=rss","Wed Jan 10 14:25:51 CET 2024","Saudi-Arabien erhält 150 Luft-Luft-Lenkflugkörper des Typs IRIS-T. Wegen des Jemen-Kriegs und des Mordes an Jamal Khashoggi waren die Exporte ausgesetzt worden"
"Ex-Innenminister Polens trat im Gefängnis in Hungerstreik","https://www.derstandard.at/story/3000000202517/ex-innenminister-polens-trat-im-gefaengnis-in-hungerstreik?ref=rss","Wed Jan 10 16:39:39 CET 2024","Zuvor waren Mariusz Kamiński und ein anderer Politiker der nationalpopulistischen Partei PiS wegen Amtsmissbrauchs verurteilt und verhaftet worden. Ein Bericht aus Warschau"
"Fünf Anzeigen nach neofaschistischer Versammlung in Rom","https://www.derstandard.at/story/3000000202463/f252nf-anzeigen-nach-neofaschisten-versammlung-in-rom?ref=rss","Wed Jan 10 08:28:35 CET 2024","Hunderte Menschen gedachten des Todes zweier Neofaschisten in den 1970ern. Der Verdacht lautet auf ""Verherrlichung des Faschismus"". Die Regierungschefin schweigt zu dem Vorfall"
"Messerangriff auf Südkoreas Oppositionsführer war politisch motiviert","https://www.derstandard.at/story/3000000202525/messerangriff-auf-s252dkoreas-oppositionsf252hrer-war-politisch-motiviert?ref=rss","Wed Jan 10 13:05:28 CET 2024","Die Polizei gibt an, der Angreifer wollte den Aufstieg von Lee Jae-myung und seiner Partei verhindern"
"Hergovich kann sich Koalition mit VP gut vorstellen","https://www.derstandard.at/story/3000000202622/sp214-hergovich-kann-sich-koalition-mit-vp-gut-vorstellen?ref=rss","Wed Jan 10 21:06:34 CET 2024","Niederösterreichs SPÖ-Chef äußerte sich skeptisch bezüglich des U-Ausschusses zur Cofag. Einen Austausch des ÖVP-Spitzenpersonals würde Hergovich nicht fordern"
"Warum Neonazis, Holocaustleugner und die FPÖ das DÖW attackieren","https://www.derstandard.at/story/3000000202406/warum-neonazis-holocaustleugner-und-die-fpoe-das-doew-attackieren?ref=rss","Wed Jan 10 12:00:00 CET 2024","Aktuell wärmt FPÖ-Generalsekretär Hafenecker alte Legenden und falsche Behauptungen auf"
"2024 bringt neuerlich eine Flut an Volksbegehren","https://www.derstandard.at/story/3000000202567/2024-bringt-neuerlich-eine-flut-an-volksbegehren?ref=rss","Wed Jan 10 16:22:09 CET 2024","14 direktdemokratische Initiativen gibt es alleine im März. Die türkis-grüne Bundesregierung will mit einer Reform des Kostenersatzes Missbrauch verhindern"
"Tiroler Ex-Regierung holte Millionenförderungen für Kinderbetreuung nicht ab","https://www.derstandard.at/story/3000000202561/kinderbetreuung-tiroler-ex-regierung-holte-mio-f246rderungen-nicht-ab?ref=rss","Wed Jan 10 15:02:09 CET 2024","Laut ""Tiroler Tageszeitung"" sind rund 21 Millionen Euro liegen geblieben. Ein Großteil davon sei für den Ausbau der Betreuung für die unter Dreijährigen vorgesehen gewesen"
"Kurz-Prozess: Iris Ortner und die mysteriöse Dinnerparty","https://www.derstandard.at/story/3000000202280/kurz-prozess-iris-ortner-und-die-mysterioese-dinnerparty?ref=rss","Tue Jan 09 18:14:25 CET 2024","Am Mittwoch wird Öbag-Aufsichtsrätin Ortner im Kurz-Prozess zu Interventionen des Ex-Kanzlers befragt werden. Im Mittelpunkt steht ein Abendessen"
"Bund bremst bei Kameralösung für verkehrsberuhigte Wiener Innenstadt","https://www.derstandard.at/story/3000000202198/bund-bremst-bei-kameraloesung-fuer-verkehrsberuhigte-wiener-innenstadt?ref=rss","Wed Jan 10 06:00:00 CET 2024","Wien will weniger Verkehr im Ersten – und eine Kontrolle mittels Videoüberwachung. Dafür braucht es eine gesetzliche Änderung. In der kommenden StVO-Novelle ist das laut ÖVP aber kein Thema"
"Dornauer legt Gusenbauer nahe, SPÖ-Mitgliedschaft ruhend zu stellen","https://www.derstandard.at/story/3000000202423/dornauer-legt-gusenbauer-nahe-spoe-mitgliedschaft-ruhend-zu-stellen?ref=rss","Tue Jan 09 17:22:29 CET 2024","Der rote Tiroler Vizelandeshauptmann wünscht sich, dass sich der Ex-Kanzler nach der Signa-Pleite gegenüber der SPÖ ""genau so sorgsam verhält, wie er das bei seinen Brötchengebern getan hat"""
"Mann verletzte U-Bahn-Passagier in Wien Ottakring mit Messer im Gesicht","https://www.derstandard.at/story/3000000202540/42-j228hriger-verletzte-u-bahn-passagier-in-wien-mit-messer-im-gesicht?ref=rss","Wed Jan 10 14:06:42 CET 2024","Der 42-jährige Angreifer konnte erst nach Schreckschuss sowie Taser- und Pfeffersprayeinsatz gestoppt werden. Auch zwei Wiener-Linien-Mitarbeiter wurden verletzt"
"Spuren von drei Hunden bei totgebissener Joggerin gefunden","https://www.derstandard.at/story/3000000202412/joggerin-totgebissen-spuren-von-drei-hunden-an-frau-gefunden?ref=rss","Tue Jan 09 16:17:10 CET 2024","Das Ergebnis eines DNA-Abgleichs zeigt, dass nicht ein einzelner Hund für die Verletzungen verantwortlich war. Die Ermittlungen gegen die Hundehalterin laufen"
"Schüsse aus Schreckschusspistole vor Kaserne lösten Polizeieinsatz in Villach aus","https://www.derstandard.at/story/3000000202591/schuesse-aus-schreckschusspistole-vor-kaserne-loesten-polizeieinsatz-in-villach-aus?ref=rss","Wed Jan 10 17:07:54 CET 2024","Soldaten meldeten Schüsse aus einem fahrenden Pkw. Die Polizei stellte Patronen einer Schreckschusspistole sicher. Verletzt wurde niemand"
"Hacker wegen Medikamenten-Engpasses im Clinch mit Sozialversicherungen","https://www.derstandard.at/story/3000000202537/hacker-ortet-probleme-mit-medikamentenverfuegbarkeit-in-apotheken?ref=rss","Wed Jan 10 14:02:14 CET 2024","Er sei ""nicht zufrieden mit dieser Situation"", so der Wiener Gesundheitsstadtrat. Die Sozialversicherung ""spiele am Preisband"" – diese weist den Vorwurf zurück"
"ÖGK-Vize will alle 300 Bewerber für Kassenstellen aufnehmen","https://www.derstandard.at/story/3000000202465/oegk-vize-will-alle-300-bewerber-fuer-kassenstellen-aufnehmen?ref=rss","Wed Jan 10 09:17:48 CET 2024","Andreas Huss fordert von der Regierung eine Ausweitung ihrer aktuellen Initiative, damit ""wir keinen Arzt mit Interesse an Kassenvertrag abweisen müssen"""
"Boeing-Chef verspricht Aufklärung nach Beinaheunglück und räumt Fehler ein","https://www.derstandard.at/story/3000000202458/boeing-chef-verspricht-aufklaerung-nach-beinahe-unglueck-und-raeumt-fehler-ein?ref=rss","Wed Jan 10 05:53:34 CET 2024","Der US-Flugzeughersteller steht nach der Notlandung einer Maschine von Alaska Airlines unter Druck. Jetzt äußerte sich Konzernchef Calhoun zu dem Vorfall"
"Feuerwehr darf Schilf am Neusiedler See für Übung abbrennen","https://www.derstandard.at/story/3000000202390/feuerwehr-darf-schilf-am-neusiedler-see-fuer-uebung-abbrennen?ref=rss","Tue Jan 09 16:23:52 CET 2024","Das ewige Gerangel um das Schilfmanagement hat ein provisorisches Ende gefunden. Schilf darf im Zuge einer Feuerwehrübung abgebrannt werden"
"Maßnahmen um Stephansdom nach Terroralarm zu Weihnachten zurückgefahren","https://www.derstandard.at/story/3000000202526/terror-alarm-zu-weihnachten-ma223nahmen-um-stephansdom-zur252ckgefahren?ref=rss","Wed Jan 10 13:02:02 CET 2024","Rund um den Dom gilt nach einer Lagebesprechung der Polizei nun wieder ""normale Wachsamkeit"""
"Wie man nicht unnötig Geld beim Fenster hinausheizt und spart","https://www.derstandard.at/story/3000000202427/wie-man-nicht-unnoetig-geld-beim-fenster-hinausheizt-und-spart?ref=rss","Wed Jan 10 06:00:00 CET 2024","Mit etwas Köpfchen und einfachen Maßnahmen lässt sich der Energieverbrauch im Haushalt zum Teil deutlich senken. Anbei ein paar Tipps, wie man vorgehen kann"
"Österreicher haben im Vorjahr deutlich Energie gespart","https://www.derstandard.at/story/3000000202431/oesterreicher-haben-im-vorjahr-deutlich-energie-gespart?ref=rss","Wed Jan 10 06:00:00 CET 2024","Die Preise für Strom und Gas sind gesunken, der Winter war bisher recht mild. Sparen die Österreicher dennoch bei ihrem Energieverbrauch? Die Daten zeigen: Ja, das tun sie"
"Deutsche Lokführer lassen die Züge stillstehen","https://www.derstandard.at/story/3000000202499/deutsche-lokfuehrer-lassen-die-zuege-stillstehen?ref=rss","Wed Jan 10 13:26:52 CET 2024","In Deutschland hat der Streik der Lokführer begonnen, er soll bis Freitag dauern und wirkt sich auch auf Österreich aus. Ein Bericht aus Berlin"
"Konkursverfahren bei Signa Hospitality und Signa REM Transactions","https://www.derstandard.at/story/3000000202511/signa-gruppe-zerf228llt-weiter-hospitality-gmbh-meldet-konkurs-an?ref=rss","Wed Jan 10 12:09:35 CET 2024","Beide Unternehmen sollen nicht fortgeführt werden. Signa Hospitality und Signa REM Transactions erbrachten Leistungen für größere Signa-Gesellschaften"
"Account von US-Börsenaufsicht gehackt: Falschmeldung über genehmigten Bitcoin-ETF sorgt für Chaos","https://www.derstandard.at/story/3000000202459/aufregung-aus-boersenaufsicht-gehackt-falschmeldung-ueber-genehmigten-bitcoin-etf-sorgt-fuer-aufregung?ref=rss","Wed Jan 10 07:27:33 CET 2024","Auch wenn es kurz so gewirkt hat, die SEC hat noch kein grünes Licht für den Bitcoin-ETF gegeben. Grund für die Verwirrung ist eine Falschmeldung auf der Nachrichtenplattform X"
"Der Staat fördert den Kauf von E-Autos mit 3.000 Euro. Braucht es das wirklich noch?","https://www.derstandard.at/story/3000000202444/der-staat-foerdert-den-kauf-von-e-autos-mit-3000-euro-braucht-es-das-wirklich-noch?ref=rss","Tue Jan 09 18:34:23 CET 2024","In Deutschland wurde der staatliche Zuschuss beim Kauf von E-Autos gestrichen. Überraschend springen die Autobauer ein und gewähren den Kunden satte Rabatte. Das könnte auch für Österreich lehrreich sein"
"Signa treibt Firmenpleiten im Vorjahr auf Rekordniveau","https://www.derstandard.at/story/3000000202420/signa-treibt-firmenpleiten-im-vorjahr-auf-rekordniveau?ref=rss","Tue Jan 09 16:47:52 CET 2024","Die Gesamtverbindlichkeiten aus Firmeninsolvenzen haben 2023 wegen der Signa-Pleiten einen Höchststand erreicht. Auch für heuer erwartet der AKV einen Anstieg der Insolvenzen"
"Amazon wird mit schlechten Büchern geflutet – und tut wenig dagegen","https://www.derstandard.at/story/3000000202554/amazon-wird-mit-schlechten-buechern-geflutet-und-tut-wenig-dagegen?ref=rss","Wed Jan 10 16:30:13 CET 2024","Immer mehr Autorinnen und Autoren beklagen sich darüber, dass Imitationen und Zusammenfassungen ihrer Werke auf Amazon auftauchen"
"""Cyberstuck"": Teslas neues Aushängeschild bleibt wieder im Schnee stecken","https://www.derstandard.at/story/3000000202482/cyberstuck-teslas-neues-aushaengeschild-bleibt-wieder-im-schnee-stecken?ref=rss","Wed Jan 10 10:50:33 CET 2024","Auf Social Media gehen Videos viral, die den Cybertruck nicht von seiner besten Seite zeigen. Das hat einen guten Grund"
"HP wegen Tintenmonopols in den USA erneut vor Gericht","https://www.derstandard.at/story/3000000202515/hp-wegen-tintenmonopols-in-den-usa-erneut-vor-gericht?ref=rss","Wed Jan 10 15:07:45 CET 2024","Das softwareseitige Blocken von Tinten von Fremdanbietern kostet das Tech-Unternehmen viel Geld. Dennoch scheint HP von der eigenen Strategie nicht abweichen zu wollen"
"China behauptet, Apple Airdrop ""geknackt"" zu haben","https://www.derstandard.at/story/3000000202500/china-behauptet-apple-airdrop-geknackt-zu-haben?ref=rss","Wed Jan 10 12:02:22 CET 2024","Eine Behörde in Peking soll Kontaktdaten von iPhone-Besitzern herausfinden können, die unerwünschte Inhalte über Airdrop verbreiten"
"Wi-Fi 7: Die nächste Generation des WLAN-Standards ist fertig","https://www.derstandard.at/story/3000000202468/wi-fi-7-die-naechste-generation-des-wlan-standards-ist-fertig?ref=rss","Wed Jan 10 08:45:39 CET 2024","Verspricht deutlich mehr Bandbreite als die Vorgänger. Erste Geräte damit schon erhältlich, offizielle Zertifizierung läuft nun an"
"Autohersteller Hyundai stellt Lufttaxi vor","https://www.derstandard.at/story/3000000202505/autohersteller-hyundai-stellt-lufttaxi-vor?ref=rss","Wed Jan 10 11:37:35 CET 2024","Fluggerät ist für Strecken bis zu 60 Kilometer konzipiert und soll nicht lauter als ein Geschirrspüler sein"
"Künftig auch mit echtem Fisch: Veganer Aal aus dem 3D-Drucker vorgestellt","https://www.derstandard.at/story/3000000202414/kuenftig-auch-mit-echtem-fisch-veganer-aal-aus-dem-3d-drucker-vorgestellt?ref=rss","Wed Jan 10 10:00:00 CET 2024","Das israelische Start-up Steakholder will langfristig kultivierte Aal-Zellen verwenden und expandiert in die Emirate"
"Call Screen: Eines der besten Pixel-Features dürfte bald nach Österreich kommen","https://www.derstandard.at/story/3000000202411/call-screeneines-der-besten-pixel-features-duerfte-bald-nach-oesterreich-kommen?ref=rss","Tue Jan 09 18:00:00 CET 2024","Screenshots weisen auf deutliche Ausdehnung der Verfügbarkeit hin. Eine KI kann dabei Anrufe annehmen und so auch Spam abwehren"
"AX Visio: Swarovski bringt KI-unterstütztes Fernglas auf den Markt","https://www.derstandard.at/story/3000000202426/ax-visio-swarovski-bringt-ki-unterstuetztes-fernglas-auf-den-markt?ref=rss","Tue Jan 09 17:21:29 CET 2024","Das von Marc Newson designte Gerät kostet 4.600 Euro"
"1080p-Gaming ohne Grafikkarte: AMD stellt neue Prozessoren mit Grafikturbo vor","https://www.derstandard.at/story/3000000202345/1080p-gaming-ohne-grafikkarte-amd-stellt-neue-prozessoren-mit-grafikturbo-vor?ref=rss","Tue Jan 09 21:00:00 CET 2024","Integrierte Grafik der neuen Ryzen-Generation ist stark genug, um Spiele wie ""Cyberpunk 2077"" ohne eigene Grafikkarte spielen zu können"
"Betrugsvorwürfe zu Messis Ballon-d'Or-Gewinn","https://www.derstandard.at/story/3000000202531/betrugsvorwuerfe-zu-messis-ballon-dor-gewinn?ref=rss","Wed Jan 10 17:52:22 CET 2024","Laut einem Medienbericht könnte bei der knappen Wahl 2021 Bestechung im Spiel gewesen sein. Die Polizei soll gegen PSG ermitteln"
"""Geil, super"": Rangnick riet Kalajdzic zu Eintracht-Wechsel","https://www.derstandard.at/story/3000000202598/geil-super-rangnick-riet-kalajdzic-zu-eintracht-wechsel?ref=rss","Wed Jan 10 17:04:12 CET 2024","ÖFB-Stürmer wurde in Frankfurt vorgestellt. Er hofft bei der Eintracht auf Spielpraxis, um für Österreich bei der EM dabei zu sein"
"Toni Polster nach Not-OP: ""Ich hätte die Nacht nicht überlebt""","https://www.derstandard.at/story/3000000202545/toni-polster-nach-not-op-haette-nacht-nicht-ueberlebt?ref=rss","Wed Jan 10 14:14:37 CET 2024","Der Ex-Torjäger zeigte sich bei Medientermin erleichtert. Erst auf Drängen seiner Frau war er ins Krankenhaus gegangen"
"Podestlose ÖSV-Abfahrer stehen am Lauberhorn unter Druck","https://www.derstandard.at/story/3000000202600/podestlose-oesv-abfahrer-stehen-am-lauberhorn-unter-druck?ref=rss","Wed Jan 10 17:18:04 CET 2024","Österreicher lagen im Abfahrtstraining von Wengen erneut zurück. Kriechmayr will nach ""bescheidenem"" Saisonstart das ""Herz in die Hand nehmen"""
"Ernst Happel, Franz Beckenbauer, Heribert Weber: So war das mit dem Libero","https://www.derstandard.at/story/3000000202322/ernst-happel-franz-beckenbauer-heribert-weber-so-war-das-mit-dem-libero?ref=rss","Wed Jan 10 06:00:00 CET 2024","Der ""freie Mann"" gestaltete von hinten bis vorne das Spiel und wurde ""womöglich sogar torgefährlich"", ansatzweise ist seine Position laut Weber noch heute erkennbar"
"Panne in Adelboden: Startrichter übersah den Halbzeitführenden","https://www.derstandard.at/story/3000000202547/panne-in-adelboden-der-startrichter-uebersah-den-halbzeitfuehrenden?ref=rss","Wed Jan 10 14:22:16 CET 2024","Norweger Steen Olsen wurde zunächst am Start gehindert. 31 Qualifizierte waren der Auslöser für den Fauxpas. Die Fis reagiert auf den Vorfall"
"Nahostkonflikt im Fußball: Burgos-Fans gegen Ex-WAC-Spieler Weissman","https://www.derstandard.at/story/3000000202344/nahostkonflikt-im-fussball-burgos-fans-gegen-ex-wac-spieler-weissman?ref=rss","Wed Jan 10 12:11:01 CET 2024","Der spanische Zweitligist Burgos soll am israelischen Stürmer interessiert sein. Anhänger wollen die Ankunft des österreichischen Torschützenkönigs 2020 verhindern"
"Die Top-Ziele des einflussreichen Reise-Rankings  der ""New York Times"" – und wo Wien steht","https://www.derstandard.at/story/3000000202498/die-top-ziele-des-einflussreichen-reise-rankings-der-new-york-times-und-wo-wien-steht?ref=rss","Wed Jan 10 16:06:02 CET 2024","Die US-Tageszeitung präsentiert 52 Trenddestinationen für das heurige Jahr. Mit von der Partie ist auch Wien. Wir haben uns die Top Ten näher angesehen"
"Rezept für Rote-Rüben-Gnocchi mit Gorgonzola-Sauce","https://www.derstandard.at/story/3000000202364/rezept-fuer-rote-rueben-gnocchi-mit-gorgonzola-sauce?ref=rss","Wed Jan 10 12:00:00 CET 2024","Leuchtend rote Gnocchi baden in würziger Käsesauce – ein wohliges Winteressen"
"Die weltweit besten Länder für den Ruhestand","https://www.derstandard.at/story/3000000202191/die-weltweit-besten-laender-fuer-den-ruhestand?ref=rss","Tue Jan 09 10:00:00 CET 2024","Das US-Magazin ""International Living"" hat eine Liste der Länder zusammengestellt, in denen man seine Pension am besten verbringen kann"
"Das Badewasser aus dem Film ""Saltburn"" wird zu Cocktail und Duftkerze","https://www.derstandard.at/story/3000000202325/das-badewasser-aus-dem-film-saltburn-wird-zu-cocktail-und-duftkerze?ref=rss","Wed Jan 10 09:00:00 CET 2024","In dem gehypten Film schlürft der Protagonist das benutzte Badewasser seines Schwarms. Das Abwasser gibt es nun zum Trinken und Riechen"
"Wiener Szenebar Robertos insolvent, alle drei Standorte schließen","https://www.derstandard.at/story/3000000202288/wiener-szenebar-robertos-insolvent-alle-drei-standorte-schliessen?ref=rss","Tue Jan 09 10:55:44 CET 2024","Der Umsatzrückgang durch die Covid-Pandemie wird als Grund genannt. Die Passiva belaufen sich auf rund zwei Millionen Euro"
"Auf eine Melange mit Hafermilch im wiedereröffneten Café Prückel","https://www.derstandard.at/story/3000000202309/auf-eine-melange-mit-hafermilch-im-wiedereroeffneten-cafe-prueckel?ref=rss","Tue Jan 09 16:11:44 CET 2024","Das Wiener Kaffeehaus hat unter neuer Leitung seine Türen geöffnet. Für einen Aufpreis von 50 Cent gibt es nun auch veganen Milchersatz. Ein erster Besuch"
"Nissan Townstar EV: Heute liefern wir uns selbst","https://www.derstandard.at/story/3000000201976/nissan-townstar-ev-heute-liefern-wir-uns-selbst?ref=rss","Tue Jan 09 08:00:00 CET 2024","Kurzbetrachtungen über das Nissan-Derivat des Renault Kangoo, Elektro-Ausgabe"
"Bahnstreik in Deutschland: ÖBB empfiehlt, Reisen zu verschieben","https://www.derstandard.at/story/3000000202327/bahnstreik-in-deutschland-oebb-empfiehlt-reisen-zu-verschieben?ref=rss","Tue Jan 09 13:41:11 CET 2024","Von Mittwoch bis Freitag legt ein Streik der deutschen Lokführergewerkschaft den Schienenverkehr lahm. Das hat auch Auswirkungen auf Bahnverbindungen zwischen Deutschland und Österreich"
"EU verschenkt 36.000 Zugtickets an 18-Jährige","https://www.derstandard.at/story/3000000202360/eu-verschenkt-36000-zugtickets-an-18-j228hrige?ref=rss","Tue Jan 09 18:18:44 CET 2024","In der achten Runde des EU-Reiseprogramms Discover EU profitieren auch 938 junge Österreicherinnen und Österreicher"
"Restitution: Klaus Albrecht Schröder bringt Verjährungsfrist ins Spiel","https://www.derstandard.at/story/3000000202586/restitution-klaus-albrecht-schroeder-bringt-verjaehrungsfrist-ins-spiel?ref=rss","Wed Jan 10 16:32:18 CET 2024","Albertina-Direktor schlägt in ""News"" vor, Frage der Rückgabe nicht ""ad infinitum offen lassen"""
"Schauermärchen ""Der Sandmann"" mit Oliver Welter im Wiener TAG","https://www.derstandard.at/story/3000000202568/musikalisches-schauerm228rchen-mit-der-sandmann-im-wiener-tag?ref=rss","Wed Jan 10 15:29:24 CET 2024","Der Naked-Lunch-Mitbegründer bringt mit Regisseur Bernd Liepold-Mosser E. T. A. Hoffmanns Kunstmärchen zum Schwingen"
"Martin Scorsese will einen Film über Jesus drehen","https://www.derstandard.at/story/3000000202480/martin-scorsese-will-einen-film-ueber-jesus-drehen?ref=rss","Wed Jan 10 11:30:31 CET 2024","Nach ""Killers of the Flower Moon"": Die Filmadaption des Romans ""Das Leben Jesu"" von Shūsaku Endō soll noch 2024 gedreht werden"
"Catherine Breillat und die erotischen Probleme einer Patchworkfamilie","https://www.derstandard.at/story/3000000202389/catherine-breillat-und-die-erotischen-probleme-einer-patchworkfamilie?ref=rss","Wed Jan 10 08:00:00 CET 2024","Der möglicherweise letzte Film der französischen Regie-Ikone, ""L'été dernier"" (""Im letzten Sommer""), handelt von dem Verhältnis einer Mutter zu ihrem Stiefsohn"
"Tiere sind im französischen Film ""Animalia"" auch nur Menschen","https://www.derstandard.at/story/3000000202434/tiere-sind-im-franzoesischen-film-animalia-auch-nur-menschen?ref=rss","Wed Jan 10 13:00:00 CET 2024","Mit ""Le Règne animal – Animalia"" begibt sich Regisseur Thomas Cailley auf erfrischende Abwege, traut sich aber nicht so wirklich ins Reich des Genrefilms"
"Disney bringt einen neuen ""Star Wars""-Spielfilm ins Kino","https://www.derstandard.at/story/3000000202536/disney-bringt-einen-einen-neuen-star-wars-spielfilm-ins-kino?ref=rss","Wed Jan 10 13:58:20 CET 2024","Die Dreharbeiten zu Jon Favreaus ""The Mandalorian &amp; Grogu"" beginnen noch heuer"
"Ronald Pohls ""Mittel-Alter"": Der Jänner-Jammer nach dem Keksmassaker","https://www.derstandard.at/story/3000000202391/ronald-pohls-mittel-alter-der-jaenner-jammer-nach-dem-keksmassaker?ref=rss","Wed Jan 10 07:00:00 CET 2024","Nach den weihnachtlichen Schlemmereien wird es wieder Zeit, die Kinder an Bundeskanzler Karl Nehammers Burger-Diät zu gewöhnen"
"""Slow Horses"" auf Apple TV+: Gary Oldman spielt sich selbst an die Wand","https://www.derstandard.at/story/3000000202405/slow-horses-auf-apple-tv-gary-oldman-spielt-sich-selbst-an-die-wand?ref=rss","Wed Jan 10 16:00:00 CET 2024","Das Ensemble trägt die gesamte Produktion, die auch in Sachen Drehbuch und Dialogregie glänzt. Und dann auch noch dieser Soundtrack: Mick Jagger! Bitte nicht aufhören. Niemals."
"Engelhorns famoser Auftritt in der ""ZiB 3"": Die heilige Marlene der TV-Studios","https://www.derstandard.at/story/3000000202501/engelhorns-famoser-auftritt-in-der-zib3?ref=rss","Wed Jan 10 11:24:40 CET 2024","Die Geschichte der Aktivistin Marlene Engelhorn, die ihr Familienerbe nicht möchte, könnten sich Schiller und Brecht gemeinsam ausgedacht haben"
"Amazon baut hunderte Mitarbeiter bei Prime Video und MGM Studios ab","https://www.derstandard.at/story/3000000202608/amazon-baut-hunderte-mitarbeiter-bei-prime-video-und-mgm-studios-ab?ref=rss","Wed Jan 10 17:42:16 CET 2024","Konzern nannte keine genauen Zahlen. In anderen Bereichen sollen Investitionen erhöht werden"
"Knallharte Frau: Marvel widmet gehörloser Superheldin die Serie ""Echo""","https://www.derstandard.at/story/3000000202287/marvel-widmet-gehoerloser-superheldin-serie-echo-knallharte-frau?ref=rss","Wed Jan 10 12:00:00 CET 2024","Die Superheldin der neuen Marvel-Serie ist Native American, gehörlos und hat nur ein Bein. Regisseurin Sydney Freeland im STANDARD-Gespräch"
"""Sprengt alle Größenordnung"": Signa-Experte in der ""ZiB 2""","https://www.derstandard.at/story/3000000202462/sprengt-alle-groessenordnung-signa-experte-in-der-zib-2?ref=rss","Wed Jan 10 08:06:52 CET 2024","Im Fall der Warenhauskette Galeria sei eine Insolvenz mangels Masse vielleicht gar nicht möglich, sagt Gerrit Heinemann"
"War's das jetzt nach ""Woman"" mit den Frauenmagazinen, Euke Frank?","https://www.derstandard.at/story/3000000202383/wars-das-jetzt-nach-woman-mit-den-frauenmagazinen-euke-frank?ref=rss","Wed Jan 10 11:00:00 CET 2024","Die langjährige ""Woman""-Chefin verließ die VGN mit Jahresende und klang nicht so, als wolle sie im Genre bleiben. Medienmenschen 2024, Teil 41"
"""Vorstadtweiber"" und ""Biester"": Autor Uli Brée wird 60","https://www.derstandard.at/story/3000000202464/vorstadtweiber-und-biester-autor-uli-bree-wird-60?ref=rss","Wed Jan 10 08:53:01 CET 2024","Der vielbeschäftigte Drehbuchautor arbeitet mit Nina Proll an einem ""Vorstadtweiber""-Film, der ORF 3 gratuliert mit einem Schwerpunkt"
"Ultimativer Untergang: ""Falsches Vakuum"" könnte das Universum zerstören","https://www.derstandard.at/story/3000000202264/ultimativer-untergang-falsches-vakuum-koennte-das-universum-zerstoeren?ref=rss","Wed Jan 10 06:00:00 CET 2024","Neben Big Freeze und Big Rip ist der Vakuumzerfall ein weniger bekanntes Endszenario. Er ist zwar nicht sehr wahrscheinlich, könnte aber jederzeit eintreten"
"Crew-Mission zum Mond wurde verschoben","https://www.derstandard.at/story/3000000202484/crewmission-zum-mond-wurde-verschoben?ref=rss","Wed Jan 10 12:50:07 CET 2024","Statt November 2024 wird frühestens 2025 ein Raumschiff mit Menschen an Bord Richtung Mond starten – erstmals seit rund 50 Jahren. Rakete und Raumfähre sind noch nicht bereit"
"Ordnungsliebende Maus in Wales räumt Nacht für Nacht die Werkbank auf","https://www.derstandard.at/story/3000000202306/ordnungsliebende-maus-in-wales-raeumt-nacht-fuer-nacht-die-werkbank-auf?ref=rss","Tue Jan 09 14:46:59 CET 2024","Ein Wildtierfotograf ertappte den Nager mit einer Nachtsichtkamera. Was das Ganze soll, ist unklar, vielleicht hat die Aufräumwut mit Nestbauverhalten zu tun"
"Rätsel um peruanische Münze, die es eigentlich nicht geben sollte","https://www.derstandard.at/story/3000000202233/raetsel-um-peruanische-muenze-die-es-eigentlich-nicht-geben-sollte?ref=rss","Tue Jan 09 06:00:00 CET 2024","Ein Forschungsteam aus Lima untersuchte eine einzigartige Zehn-Cent-Münze von 1899 – doch in diesem Jahr wurden solche Geldstücke gar nicht herausgebracht"
"Studie: Klimamigration ist ""weder Katastrophe noch Allheilmittel""","https://www.derstandard.at/story/3000000202402/klimamigration-ist-weder-katastrophe-noch-allheilmittel?ref=rss","Wed Jan 10 09:31:43 CET 2024","Flucht aufgrund des Klimawandels ist eine komplexe Thematik, wie eine Studie an der Uni Wien am Beispiel thailändischer Migrantinnen und Migranten unterstreicht"
"2023 war es wärmer ""als in den vergangenen 100.000 Jahren""","https://www.derstandard.at/story/3000000202321/2023-war-es-waermer-als-in-den-vergangenen-100000-jahren?ref=rss","Tue Jan 09 13:00:00 CET 2024","Die Temperaturen waren um 1,48 Grad höher als in der vorindustriellen Zeit, wie der EU-Klimawandeldienst Copernicus berichtet. 2024 könnte es noch heißer werden"
"TV-Konsum von unter Zweijährigen könnte Sensorik beeinträchtigen","https://www.derstandard.at/story/3000000202201/tv-konsum-von-unter-zweijaehrigen-koennte-sensorik-beeintraechtigen?ref=rss","Tue Jan 09 09:00:00 CET 2024","Daten deuten darauf hin, dass zu viel Zeit vor dem Bildschirm bei Kleinkindern die Fähigkeiten verändert, die Welt um sich herum wahrzunehmen"
"Sieben Tipps gegen die Kälte","https://www.derstandard.at/story/3000000202285/sieben-tipps-gegen-die-kaelte?ref=rss","Wed Jan 10 08:08:17 CET 2024","Zwiebellook, Linsensuppe, Sport oder Fußbad: Diese Ansätze helfen an frostigen Tagen – und Nächten"
"Gebeugt, nicht gebrochen: Das Leben mit Parkinson","https://www.derstandard.at/story/3000000201339/gebeugt-nicht-gebrochen-das-leben-mit-parkinson?ref=rss","Sun Jan 07 07:00:00 CET 2024","Parkinson haben nur Alte, meinen viele. Doch zehn Prozent der Betroffenen sind bei der Diagnose unter 50. Und immer mehr leiden an der neurodegenerativen Krankheit. Eine davon ist Sophia Plöchl"
"55 Prozent mehr Krankenstände wegen Grippe","https://www.derstandard.at/story/3000000202429/55-prozent-mehr-krankenstaende-wegen-grippe?ref=rss","Tue Jan 09 17:20:45 CET 2024","Die Corona-Zahlen gehen zurück, dafür nimmt die Influenza-Welle nun so richtig Fahrt auf. Die Virusstämme in der diesjährigen Impfung schützen gut"
"Kindergesundheit sollte über den Mutter-Kind-Pass hinausgehen","https://www.derstandard.at/jetzt/livebericht/3000000189816/sos-gesundheitssystem-oder-was-menschen-an-der-basis-aendern-wuerden?ref=rss","Mon Oct 16 12:00:00 CEST 2023","Ein Austauschort für Menschen, die im Gesundheitsbereich arbeiten"
"Frau bekommt Schadenersatz, weil sie erst einen Tag vor der OP aufgeklärt wurde","https://www.derstandard.at/story/3000000201726/frau-bekommt-schadenersatz-weil-sie-erst-einen-tag-vor-der-op-aufgeklaert-wurde?ref=rss","Sat Jan 06 10:00:00 CET 2024","Die Frau unterzog sich einer Magenbypass-Operation. Für Schadenersatz ist nicht entscheidend, ob den Ärzten ein Fehler passiert ist. Es reicht schon die zu späte Aufklärung"
"Fährt die Polizei bald mit chinesischen E-Autos – oder kann man das verhindern?","https://www.derstandard.at/story/3000000202235/faehrt-die-polizei-bald-mit-chinesischen-autos-oder-kann-man-das-verhindern?ref=rss","Tue Jan 09 09:00:00 CET 2024","Chinesische Autokonzerne wie BYD drängen auf den europäischen Markt und könnten europäische Konkurrenz bei öffentlichen Auftragsvergaben ausstechen"
"Neues Jahr, neue steuerliche Regelungen","https://www.derstandard.at/story/3000000201655/neues-jahr-neue-steuerliche-regelungen?ref=rss","Thu Jan 04 13:00:00 CET 2024","Abschaffung der kalten Progression, Absetzbeträge und andere Neuerungen"
"Krimi um Sanktionen: Strabag gewinnt Prozess gegen Oligarchen Deripaska","https://www.derstandard.at/story/3000000201850/krimi-um-sanktionen-strabag-gewinnt-prozess-gegen-oligarchen-deripaska?ref=rss","Fri Jan 05 11:31:01 CET 2024","Der sanktionierte Oleg Deripaska war über sein Unternehmen am Baukonzern beteiligt. Gegen seine Entmachtung ging er gerichtlich vor – vorerst erfolglos, wie der Oberste Gerichtshof nun entschieden hat"
"""Werkstätten für Menschen mit Behinderung sind nicht mehr zeitgemäß""","https://www.derstandard.at/story/3000000198507/werkstaetten-fuer-menschen-mit-behinderung-sind-nicht-mehr-zeitgemaess?ref=rss","Wed Jan 10 09:00:00 CET 2024","Das Onlinemagazin ""Andererseits"" und die Rechercheplattform ""Dossier"" deckten gemeinsam große Missstände beim Thema Inklusion in Österreich auf"
"Wer vom Homeoffice profitiert","https://www.derstandard.at/story/3000000202216/wer-vom-homeoffice-profitiert?ref=rss","Tue Jan 09 06:00:00 CET 2024","Keine Frage: Arbeiten von zu Hause nützt den Mitarbeitern, den Unternehmen und der gesamten Gesellschaft. Es gibt aber auch Verlierer"
"Wechselbereitschaft im Job sinkt heuer wieder","https://www.derstandard.at/story/3000000202492/wechselbereitschaft-im-job-sinkt-heuer-wieder?ref=rss","Wed Jan 10 12:09:36 CET 2024","Zwei Drittel der Beschäftigten wollen dieses Jahr den Arbeitsplatz wechseln. Neuorientierung und Gehalt sind die treibenden Faktoren"
"Preiskorrektur geht weiter, aber Angebot an Neubauwohnungen sinkt","https://www.derstandard.at/story/3000000202369/preiskorrektur-geht-weiter-aber-angebot-an-neubauwohnungen-sinkt?ref=rss","Tue Jan 09 17:57:09 CET 2024","Vor allem der freifinanzierte Neubau geht 2024 und 2025 stark zurück und dürfte sich dann auf niedrigem Niveau einpendeln"
"""Wir wohnen günstig, improvisiert und befristet, wir kennen es nicht anders""","https://www.derstandard.at/story/3000000201825/wir-wohnen-guenstig-improvisiert-und-befristet-wir-kennen-es-nicht-anders?ref=rss","Mon Jan 08 06:00:00 CET 2024","Franziska Weber studiert in Wien, gemeinsam mit ihrem Freund Paul Dittmann hat sie das Leben Wiener Studierender dokumentiert"
"Warum sich rechte Gruppen plötzlich mit Architektur beschäftigen","https://www.derstandard.at/story/3000000201931/warum-sich-rechte-gruppen-ploetzlich-mit-architektur-beschaeftigen?ref=rss","Sun Jan 07 12:00:00 CET 2024","Architektur wird in den sozialen Medien immer öfter als Mittel für einen Kulturkampf für das christliche Abendland missbraucht. Aber warum? Und warum jetzt?"
"Pro und Kontra: Auch die kleinen Dinge zählen beim Klimaschutz","https://www.derstandard.at/story/3000000201788/pro-und-kontra-auch-die-kleinen-dinge-zaehlen-beim-klimaschutz?ref=rss","Wed Jan 10 17:00:00 CET 2024","Bambuszahnbürsten, Ökowindeln oder Holzkreditkarten sollen für mehr Nachhaltigkeit sorgen. Aber lenken wir uns damit nicht bloß ab von den wirklich wichtigen Veränderungen?"
"Mitten in Österreich, abgeschnitten von der Welt: Guntschach kämpft um seine Zukunft","https://www.derstandard.at/story/3000000201432/mitten-in-oesterreich-abgeschnitten-von-der-welt-guntschach-kaempft-um-seine-zukunft?ref=rss","Sat Jan 06 07:00:00 CET 2024","Die Bewohner im abgeschiedenen Tal machen dem Bürgermeister schwere Vorwürfe. Der sagt, die Leute erwarten zu viel. DER STANDARD hat Guntschach immer wieder besucht"
"Welche Gefahren Chatbots wie der AMS-Infomat bergen","https://www.derstandard.at/story/3000000202121/welche-gefahren-chatbots-wie-der-ams-infomat-bergen?ref=rss","Mon Jan 08 14:08:35 CET 2024","Mit ""Prompt Injections"" lassen sich die eigentlich geheimen Anweisungen für Chatbots enttarnen. Beim AMS-Berufinfomaten ist das weniger schlimm als bei anderen Anwendungen"
"Großbritannien will selbstfahrende Autos bis 2026 auf die Straße bringen","https://www.derstandard.at/story/3000000201889/grossbritannien-will-selbstfahrende-autos-bis-2026-auf-die-strasse-bringen?ref=rss","Fri Jan 05 15:17:19 CET 2024","Verkehrsminister Harper erhofft sich davon mehr Verkehrssicherheit und einen Turbo für die britische Wirtschaft"
"Konsens: Feministische Debatten über Selbstbestimmung","https://www.derstandard.at/story/3000000202304/konsens-feministische-debatten-um-selbstbestimmung?ref=rss","Wed Jan 10 12:00:00 CET 2024","Nur Konsens erlaubt Sex, sagen Feministinnen. Das Strafrecht wiederum führte Vergewaltigung in der Ehe lange nicht als Delikt"
"Tonya Harding: Arbeiterkind statt Eisprinzessin","https://www.derstandard.at/story/3000000201753/tonya-harding-arbeiterkind-statt-eisprinzessin?ref=rss","Sat Jan 06 09:00:00 CET 2024","Die Eiskunstläuferin Tonya Harding wird für immer mit dem Angriff auf ihre Konkurrentin Nancy Kerrigan vor 30 Jahren verbunden bleiben. Dadurch trat ihre außergewöhnliche Leistung in den Hintergrund"
"Bitte mindful joggen","https://www.derstandard.at/story/3000000202197/bitte-mindful-joggen?ref=rss","Tue Jan 09 06:00:00 CET 2024","Die Slogans von Fitinn sind brutal. Für ""Solche Titten willst du auch?"" wurde die Kette nun zu Recht massiv kritisiert. Doch auch die Tücken des Wohlfühl-Wordings anderer Sportangebote sollten nicht vergessen werden"
"Sozial benachteiligte Frauen trauen sich trotz guter Noten wenig zu","https://www.derstandard.at/story/3000000201662/sozial-benachteiligte-frauen-trauen-sich-trotz-guter-noten-wenig-zu?ref=rss","Wed Jan 03 09:49:12 CET 2024","Eine Studie von Uni-Wien-Forscherinnen kam zu dem Ergebnis, dass sich sozial benachteiligte Frauen für am wenigsten talentiert von allen halten"
"US-Höchstgericht setzt striktes Abtreibungsgesetz in Idaho wieder in Kraft","https://www.derstandard.at/story/3000000202030/us-hoechstgericht-setzt-striktes-abtreibungsgesetz-in-idaho-wieder-in-kraft?ref=rss","Sat Jan 06 13:24:17 CET 2024","Ein Schwangerschaftsabbruch ist nur zulässig, wenn das Leben der Frau in Gefahr ist. Ansonsten drohen Ärztinnen und Ärzten in Idaho bis zu fünf Jahre Haft"
"Bis Ende November bereits 11.565 Gefährder zur Gewaltprävention vorgeladen","https://www.derstandard.at/story/3000000201847/bis-ende-november-bereits-11565-gefaehrder-zur-gewaltpraevention-vorgeladen?ref=rss","Thu Jan 04 16:24:51 CET 2024","Zu verpflichtender Präventionsberatung wurden 2023 deutlich mehr als im Vergleichszeitraum 2022 vorgeladen. Zuwächse gab es auch bei Betretungsverboten und Fallkonferenzen"
"Feministischer Jahresrückblick: Von Dämpfern und kleinen Siegen","https://www.derstandard.at/story/3000000201048/feministischer-jahresrueckblick-von-daempfern-und-kleinen-siegen?ref=rss","Thu Dec 28 10:48:18 CET 2023","Der Fall Rubiales, Kämpfe gegen Gendersterne, Rammstein, Abtreibung. 2023 hatte seine guten und schlechten feministischen Momente"
"Sudoku schwierig 5712a","https://www.derstandard.at/story/3000000199349/sudoku-schwierig-5712a?ref=rss","Wed Jan 10 18:00:00 CET 2024",""
"Kreuzworträtsel D 10584","https://www.derstandard.at/story/3000000201587/kreuzwortraetsel-d-10584?ref=rss","Thu Jan 11 00:01:00 CET 2024","Täglich neu, exklusiv für Smart-Abonnent:innen: Das knifflige phoenixen-Rätsel des STANDARD"
"Squiggly Sudoku mittel 5712b","https://www.derstandard.at/story/3000000199350/squiggly-sudoku-mittel-5712b?ref=rss","Wed Jan 10 18:00:00 CET 2024",""
"Kreuzworträtsel C 10583","https://www.derstandard.at/story/3000000201586/kreuzwortraetsel-c-10583?ref=rss","Wed Jan 10 00:01:00 CET 2024","Täglich neu, exklusiv für Smart-Abonnent:innen: Das knifflige phoenixen-Rätsel des STANDARD"
